particpantId,Image 1 Classification,Image 1 Rationale,Image 2 Classification,Image 2 Rationale,Image 3 Classification,Image 3 Rationale,Image 4 Classification,Image 4 Rationale,Image 5 Classification,Image 5 Rationale,Image 6 Classification,Image 6 Rationale,Image 7 Classification,Image 7 Rationale,Image 8 Classification,Image 8 Rationale,Image 9 Classification,Image 9 Rationale,Image 10 Classification,Image 10 Rationale,Image 11 Classification,Image 11 Rationale,Image 12 Classification,Image 12 Rationale,Q1.Do you believe AI-generated art can be considered 'original'?,"Q2.  What ethical concerns, if any, do you have about AI-generated art?",Q3a. Rate: AI art should be protected under copyright laws.,Q3b. Rate: Artists whose work is used to train AI should receive compensation.,Q3c. Rate: AI-generated art should be considered public domain.,Q4. Rate: How do you perceive the impact of AI-generated art on your career? ,Q5. Do you see any opportunities for AI-generated art in your work? Why or why not?,Q6. What are your overall thoughts about AI in the art industry? ,What is your age range?,What industry do you work in?,What is your job title?,Do you consider yourself a creative artist?,rowIndex
1,AI-generated,"Smoothness or perfection of features (E.g. Overly polished surfaces, perfect symmetry, or uniform lighting.);Presence of technical flaws or glitches (E.g. Artifacts, blending issues, or missing elements.);Gut instinct or personal impression (E.g. A subjective sense that the work feels either human-made or machine-generated based on overall appearance.)",AI-generated,"Smoothness or perfection of features (E.g. Overly polished surfaces, perfect symmetry, or uniform lighting.);Gut instinct or personal impression (E.g. A subjective sense that the work feels either human-made or machine-generated based on overall appearance.)",Human-created,N/A,AI-generated,N/A,AI-generated,"Presence of technical flaws or glitches (E.g. Artifacts, blending issues, or missing elements.)",Human-created,,AI-generated,"Smoothness or perfection of features (E.g. Overly polished surfaces, perfect symmetry, or uniform lighting.)",AI-generated,"Unnatural or inconsistent details (E.g. Extra limbs, odd textures, or distorted features.);Smoothness or perfection of features (E.g. Overly polished surfaces, perfect symmetry, or uniform lighting.)",Human-created,N/A,Human-created,N/A,Human-created,N/A,Human-created,N/A,No,"ownership, privacy, ethical, environmental concerns",Agree,Strongly Agree,Neutral,2,not sure,still undecided,39 - 50,illustration,owner,Yes,1
2,AI-generated,"Smoothness or perfection of features (E.g. Overly polished surfaces, perfect symmetry, or uniform lighting.);Perceived artistic intention or emotion (E.g. Deep storytelling, personal expression, or intentional imperfections.);Presence of technical flaws or glitches (E.g. Artifacts, blending issues, or missing elements.);Familiarity with similar styles or techniques (E.g. A style that resembles AI outputs or a particular human art movement.)",Human-created,"Perceived artistic intention or emotion (E.g. Deep storytelling, personal expression, or intentional imperfections.);Complexity or detail in the composition (E.g. Elaborate brushstrokes, intricate textures, or layers of meaning.);Familiarity with similar styles or techniques (E.g. A style that resembles AI outputs or a particular human art movement.)",Human-created,"Perceived artistic intention or emotion (E.g. Deep storytelling, personal expression, or intentional imperfections.);Complexity or detail in the composition (E.g. Elaborate brushstrokes, intricate textures, or layers of meaning.);Familiarity with similar styles or techniques (E.g. A style that resembles AI outputs or a particular human art movement.);Gut instinct or personal impression (E.g. A subjective sense that the work feels either human-made or machine-generated based on overall appearance.)",AI-generated,"Unnatural or inconsistent details (E.g. Extra limbs, odd textures, or distorted features.);Smoothness or perfection of features (E.g. Overly polished surfaces, perfect symmetry, or uniform lighting.);Presence of technical flaws or glitches (E.g. Artifacts, blending issues, or missing elements.);Complexity or detail in the composition (E.g. Elaborate brushstrokes, intricate textures, or layers of meaning.);Gut instinct or personal impression (E.g. A subjective sense that the work feels either human-made or machine-generated based on overall appearance.)",AI-generated,"Unnatural or inconsistent details (E.g. Extra limbs, odd textures, or distorted features.);Smoothness or perfection of features (E.g. Overly polished surfaces, perfect symmetry, or uniform lighting.);Presence of technical flaws or glitches (E.g. Artifacts, blending issues, or missing elements.);Familiarity with similar styles or techniques (E.g. A style that resembles AI outputs or a particular human art movement.);Gut instinct or personal impression (E.g. A subjective sense that the work feels either human-made or machine-generated based on overall appearance.)",Human-created,"Perceived artistic intention or emotion (E.g. Deep storytelling, personal expression, or intentional imperfections.);Gut instinct or personal impression (E.g. A subjective sense that the work feels either human-made or machine-generated based on overall appearance.)",AI-generated,"Smoothness or perfection of features (E.g. Overly polished surfaces, perfect symmetry, or uniform lighting.);Familiarity with similar styles or techniques (E.g. A style that resembles AI outputs or a particular human art movement.);Gut instinct or personal impression (E.g. A subjective sense that the work feels either human-made or machine-generated based on overall appearance.)",AI-generated,"Unnatural or inconsistent details (E.g. Extra limbs, odd textures, or distorted features.);Smoothness or perfection of features (E.g. Overly polished surfaces, perfect symmetry, or uniform lighting.);Familiarity with similar styles or techniques (E.g. A style that resembles AI outputs or a particular human art movement.);Gut instinct or personal impression (E.g. A subjective sense that the work feels either human-made or machine-generated based on overall appearance.)",Human-created,"Perceived artistic intention or emotion (E.g. Deep storytelling, personal expression, or intentional imperfections.);Familiarity with similar styles or techniques (E.g. A style that resembles AI outputs or a particular human art movement.)",AI-generated,"Smoothness or perfection of features (E.g. Overly polished surfaces, perfect symmetry, or uniform lighting.);Complexity or detail in the composition (E.g. Elaborate brushstrokes, intricate textures, or layers of meaning.);Familiarity with similar styles or techniques (E.g. A style that resembles AI outputs or a particular human art movement.);Gut instinct or personal impression (E.g. A subjective sense that the work feels either human-made or machine-generated based on overall appearance.)",Human-created,"Perceived artistic intention or emotion (E.g. Deep storytelling, personal expression, or intentional imperfections.);Familiarity with similar styles or techniques (E.g. A style that resembles AI outputs or a particular human art movement.);Gut instinct or personal impression (E.g. A subjective sense that the work feels either human-made or machine-generated based on overall appearance.)",AI-generated,"Unnatural or inconsistent details (E.g. Extra limbs, odd textures, or distorted features.);Presence of technical flaws or glitches (E.g. Artifacts, blending issues, or missing elements.);Complexity or detail in the composition (E.g. Elaborate brushstrokes, intricate textures, or layers of meaning.)",No,Difficulty in disproving illegal sourcing/training.,Strongly Disagree,Agree,Strongly Agree,3,"Creative inspiration, quick prototyping for design",The industry will eventually learn to embrace it. New opportunities will open up. Demand for artisanal hand crafted art will remain.,26 - 39,Game Development,Game Designer,Yes,2
3,AI-generated,"Smoothness or perfection of features (E.g. Overly polished surfaces, perfect symmetry, or uniform lighting.);Complexity or detail in the composition (E.g. Elaborate brushstrokes, intricate textures, or layers of meaning.);Gut instinct or personal impression (E.g. A subjective sense that the work feels either human-made or machine-generated based on overall appearance.)",Human-created,"Complexity or detail in the composition (E.g. Elaborate brushstrokes, intricate textures, or layers of meaning.)",Human-created,Gut instinct or personal impression (E.g. A subjective sense that the work feels either human-made or machine-generated based on overall appearance.),AI-generated,"Presence of technical flaws or glitches (E.g. Artifacts, blending issues, or missing elements.);Familiarity with similar styles or techniques (E.g. A style that resembles AI outputs or a particular human art movement.)",AI-generated,"Unnatural or inconsistent details (E.g. Extra limbs, odd textures, or distorted features.)",Human-created,Gut instinct or personal impression (E.g. A subjective sense that the work feels either human-made or machine-generated based on overall appearance.),Human-created,"Complexity or detail in the composition (E.g. Elaborate brushstrokes, intricate textures, or layers of meaning.)",AI-generated,"Smoothness or perfection of features (E.g. Overly polished surfaces, perfect symmetry, or uniform lighting.);Presence of technical flaws or glitches (E.g. Artifacts, blending issues, or missing elements.)",Human-created,"Complexity or detail in the composition (E.g. Elaborate brushstrokes, intricate textures, or layers of meaning.)",Human-created,"Complexity or detail in the composition (E.g. Elaborate brushstrokes, intricate textures, or layers of meaning.)",Human-created,"Perceived artistic intention or emotion (E.g. Deep storytelling, personal expression, or intentional imperfections.);Complexity or detail in the composition (E.g. Elaborate brushstrokes, intricate textures, or layers of meaning.)",Human-created,"Complexity or detail in the composition (E.g. Elaborate brushstrokes, intricate textures, or layers of meaning.)",No,Ai generated art aims to be similar based on art that was collected from others,Neutral,Agree,Neutral,2,Possibly in generic image creation. I am a software developer and am not really involved in the design element of my field,Indifferent,19 - 25,Software,Software Engineer,No,3
4,AI-generated,"Smoothness or perfection of features (E.g. Overly polished surfaces, perfect symmetry, or uniform lighting.);Complexity or detail in the composition (E.g. Elaborate brushstrokes, intricate textures, or layers of meaning.);Familiarity with similar styles or techniques (E.g. A style that resembles AI outputs or a particular human art movement.);Gut instinct or personal impression (E.g. A subjective sense that the work feels either human-made or machine-generated based on overall appearance.)",AI-generated,"Smoothness or perfection of features (E.g. Overly polished surfaces, perfect symmetry, or uniform lighting.);Complexity or detail in the composition (E.g. Elaborate brushstrokes, intricate textures, or layers of meaning.)",Human-created,"Perceived artistic intention or emotion (E.g. Deep storytelling, personal expression, or intentional imperfections.);Presence of technical flaws or glitches (E.g. Artifacts, blending issues, or missing elements.);Gut instinct or personal impression (E.g. A subjective sense that the work feels either human-made or machine-generated based on overall appearance.)",Human-created,"Presence of technical flaws or glitches (E.g. Artifacts, blending issues, or missing elements.);Familiarity with similar styles or techniques (E.g. A style that resembles AI outputs or a particular human art movement.);Gut instinct or personal impression (E.g. A subjective sense that the work feels either human-made or machine-generated based on overall appearance.)",AI-generated,"Unnatural or inconsistent details (E.g. Extra limbs, odd textures, or distorted features.);Smoothness or perfection of features (E.g. Overly polished surfaces, perfect symmetry, or uniform lighting.);Presence of technical flaws or glitches (E.g. Artifacts, blending issues, or missing elements.)",Human-created,"Unnatural or inconsistent details (E.g. Extra limbs, odd textures, or distorted features.)",Human-created,"Unnatural or inconsistent details (E.g. Extra limbs, odd textures, or distorted features.);Perceived artistic intention or emotion (E.g. Deep storytelling, personal expression, or intentional imperfections.);Gut instinct or personal impression (E.g. A subjective sense that the work feels either human-made or machine-generated based on overall appearance.)",AI-generated,"Smoothness or perfection of features (E.g. Overly polished surfaces, perfect symmetry, or uniform lighting.)",Human-created,"Perceived artistic intention or emotion (E.g. Deep storytelling, personal expression, or intentional imperfections.);Complexity or detail in the composition (E.g. Elaborate brushstrokes, intricate textures, or layers of meaning.);Familiarity with similar styles or techniques (E.g. A style that resembles AI outputs or a particular human art movement.)",AI-generated,"Smoothness or perfection of features (E.g. Overly polished surfaces, perfect symmetry, or uniform lighting.);Complexity or detail in the composition (E.g. Elaborate brushstrokes, intricate textures, or layers of meaning.)",Human-created,"Perceived artistic intention or emotion (E.g. Deep storytelling, personal expression, or intentional imperfections.);Familiarity with similar styles or techniques (E.g. A style that resembles AI outputs or a particular human art movement.);Gut instinct or personal impression (E.g. A subjective sense that the work feels either human-made or machine-generated based on overall appearance.)",Human-created,Familiarity with similar styles or techniques (E.g. A style that resembles AI outputs or a particular human art movement.);Gut instinct or personal impression (E.g. A subjective sense that the work feels either human-made or machine-generated based on overall appearance.),No,"Since AI uses collected data to ""create"" a new image, it could use very exact details from a human's work of art and ""copy"" it. Also the use of AI that can generate images in seconds, renders human artists useless.",Disagree,Strongly Agree,Agree,2,"I could see the see of AI generated icons and small images for software development, but not very large opportunities.","I'm quite negative about AI in the art industry, because art has always been an emotional and ""human"" thing that I believe should stay a human thing to feel more spiritually and emotionally connected to the art.",19 - 25,Web/Software Development,N/a,No,4
5,AI-generated,"Smoothness or perfection of features (E.g. Overly polished surfaces, perfect symmetry, or uniform lighting.);Gut instinct or personal impression (E.g. A subjective sense that the work feels either human-made or machine-generated based on overall appearance.)",AI-generated,"Perceived artistic intention or emotion (E.g. Deep storytelling, personal expression, or intentional imperfections.);Gut instinct or personal impression (E.g. A subjective sense that the work feels either human-made or machine-generated based on overall appearance.)",Human-created,N/A,AI-generated,"Unnatural or inconsistent details (E.g. Extra limbs, odd textures, or distorted features.)",AI-generated,"Unnatural or inconsistent details (E.g. Extra limbs, odd textures, or distorted features.);Smoothness or perfection of features (E.g. Overly polished surfaces, perfect symmetry, or uniform lighting.);Presence of technical flaws or glitches (E.g. Artifacts, blending issues, or missing elements.)",AI-generated,"Unnatural or inconsistent details (E.g. Extra limbs, odd textures, or distorted features.);Presence of technical flaws or glitches (E.g. Artifacts, blending issues, or missing elements.)",Human-created,Gut instinct or personal impression (E.g. A subjective sense that the work feels either human-made or machine-generated based on overall appearance.),AI-generated,"Smoothness or perfection of features (E.g. Overly polished surfaces, perfect symmetry, or uniform lighting.);Gut instinct or personal impression (E.g. A subjective sense that the work feels either human-made or machine-generated based on overall appearance.)",Human-created,Gut instinct or personal impression (E.g. A subjective sense that the work feels either human-made or machine-generated based on overall appearance.);N/A,AI-generated,Gut instinct or personal impression (E.g. A subjective sense that the work feels either human-made or machine-generated based on overall appearance.),Human-created,"Perceived artistic intention or emotion (E.g. Deep storytelling, personal expression, or intentional imperfections.);Gut instinct or personal impression (E.g. A subjective sense that the work feels either human-made or machine-generated based on overall appearance.)",Human-created,"Perceived artistic intention or emotion (E.g. Deep storytelling, personal expression, or intentional imperfections.);Gut instinct or personal impression (E.g. A subjective sense that the work feels either human-made or machine-generated based on overall appearance.)",Not sure,Anyone can upload pictures to train AI. This could mean someone stealing an artist's art without their consent and using it for the AI model.,Strongly Disagree,Agree,Agree,4,I work in IT and I find that this is a great opportunity to create sample/mock art and pictures for us to use in demos.,"I'm not too involved in this discussion. Though, I do see consequences for many artists with this being used.",19 - 25,IT,Implementation Specialist,No,5
6,AI-generated,"Unnatural or inconsistent details (E.g. Extra limbs, odd textures, or distorted features.);Complexity or detail in the composition (E.g. Elaborate brushstrokes, intricate textures, or layers of meaning.)",Human-created,N/A,AI-generated,"Unnatural or inconsistent details (E.g. Extra limbs, odd textures, or distorted features.);Smoothness or perfection of features (E.g. Overly polished surfaces, perfect symmetry, or uniform lighting.);Presence of technical flaws or glitches (E.g. Artifacts, blending issues, or missing elements.)",AI-generated,"Unnatural or inconsistent details (E.g. Extra limbs, odd textures, or distorted features.);Smoothness or perfection of features (E.g. Overly polished surfaces, perfect symmetry, or uniform lighting.);Presence of technical flaws or glitches (E.g. Artifacts, blending issues, or missing elements.);Complexity or detail in the composition (E.g. Elaborate brushstrokes, intricate textures, or layers of meaning.)",AI-generated,"Unnatural or inconsistent details (E.g. Extra limbs, odd textures, or distorted features.);Complexity or detail in the composition (E.g. Elaborate brushstrokes, intricate textures, or layers of meaning.)",Human-created,N/A,Human-created,N/A,Human-created,N/A,AI-generated,"Unnatural or inconsistent details (E.g. Extra limbs, odd textures, or distorted features.);Smoothness or perfection of features (E.g. Overly polished surfaces, perfect symmetry, or uniform lighting.);Familiarity with similar styles or techniques (E.g. A style that resembles AI outputs or a particular human art movement.)",AI-generated,"Smoothness or perfection of features (E.g. Overly polished surfaces, perfect symmetry, or uniform lighting.);Presence of technical flaws or glitches (E.g. Artifacts, blending issues, or missing elements.);Familiarity with similar styles or techniques (E.g. A style that resembles AI outputs or a particular human art movement.)",Human-created,N/A,AI-generated,"Unnatural or inconsistent details (E.g. Extra limbs, odd textures, or distorted features.);Complexity or detail in the composition (E.g. Elaborate brushstrokes, intricate textures, or layers of meaning.);Familiarity with similar styles or techniques (E.g. A style that resembles AI outputs or a particular human art movement.)",Yes,N/A,Neutral,Neutral,Neutral,3,N/A,N/A,19 - 25,N/A,N/A,No,6
7,AI-generated,"Smoothness or perfection of features (E.g. Overly polished surfaces, perfect symmetry, or uniform lighting.);Familiarity with similar styles or techniques (E.g. A style that resembles AI outputs or a particular human art movement.);Gut instinct or personal impression (E.g. A subjective sense that the work feels either human-made or machine-generated based on overall appearance.)",AI-generated,Familiarity with similar styles or techniques (E.g. A style that resembles AI outputs or a particular human art movement.);Gut instinct or personal impression (E.g. A subjective sense that the work feels either human-made or machine-generated based on overall appearance.),Human-created,Gut instinct or personal impression (E.g. A subjective sense that the work feels either human-made or machine-generated based on overall appearance.),AI-generated,Gut instinct or personal impression (E.g. A subjective sense that the work feels either human-made or machine-generated based on overall appearance.),AI-generated,"Unnatural or inconsistent details (E.g. Extra limbs, odd textures, or distorted features.);Smoothness or perfection of features (E.g. Overly polished surfaces, perfect symmetry, or uniform lighting.);Gut instinct or personal impression (E.g. A subjective sense that the work feels either human-made or machine-generated based on overall appearance.)",Human-created,Gut instinct or personal impression (E.g. A subjective sense that the work feels either human-made or machine-generated based on overall appearance.),Human-created,"Unnatural or inconsistent details (E.g. Extra limbs, odd textures, or distorted features.);Familiarity with similar styles or techniques (E.g. A style that resembles AI outputs or a particular human art movement.);Gut instinct or personal impression (E.g. A subjective sense that the work feels either human-made or machine-generated based on overall appearance.)",AI-generated,"Smoothness or perfection of features (E.g. Overly polished surfaces, perfect symmetry, or uniform lighting.);Gut instinct or personal impression (E.g. A subjective sense that the work feels either human-made or machine-generated based on overall appearance.)",Human-created,Gut instinct or personal impression (E.g. A subjective sense that the work feels either human-made or machine-generated based on overall appearance.),AI-generated,"Smoothness or perfection of features (E.g. Overly polished surfaces, perfect symmetry, or uniform lighting.);Gut instinct or personal impression (E.g. A subjective sense that the work feels either human-made or machine-generated based on overall appearance.)",Human-created,"Perceived artistic intention or emotion (E.g. Deep storytelling, personal expression, or intentional imperfections.);Complexity or detail in the composition (E.g. Elaborate brushstrokes, intricate textures, or layers of meaning.);Gut instinct or personal impression (E.g. A subjective sense that the work feels either human-made or machine-generated based on overall appearance.)",Human-created,"Unnatural or inconsistent details (E.g. Extra limbs, odd textures, or distorted features.);Perceived artistic intention or emotion (E.g. Deep storytelling, personal expression, or intentional imperfections.);Gut instinct or personal impression (E.g. A subjective sense that the work feels either human-made or machine-generated based on overall appearance.)",No,"It takes existing art, manipulates it and creates it own using bits a pieces of existing art",Strongly Disagree,Strongly Disagree,Strongly Agree,3,I do not because choosing designs or designing anything at my work is not part of my responsibilities.,AI art is entertaining,26 - 39,Software Develepment,Software Developer,No,7
8,AI-generated,"Smoothness or perfection of features (E.g. Overly polished surfaces, perfect symmetry, or uniform lighting.);Complexity or detail in the composition (E.g. Elaborate brushstrokes, intricate textures, or layers of meaning.);Familiarity with similar styles or techniques (E.g. A style that resembles AI outputs or a particular human art movement.);Gut instinct or personal impression (E.g. A subjective sense that the work feels either human-made or machine-generated based on overall appearance.)",Human-created,N/A,Human-created,N/A,AI-generated,N/A,AI-generated,"Presence of technical flaws or glitches (E.g. Artifacts, blending issues, or missing elements.)",Human-created,N/A,Human-created,N/A,AI-generated,"Smoothness or perfection of features (E.g. Overly polished surfaces, perfect symmetry, or uniform lighting.);Familiarity with similar styles or techniques (E.g. A style that resembles AI outputs or a particular human art movement.)",Human-created,N/A,Human-created,N/A,Human-created,N/A,Human-created,N/A,Not sure,Removes the emotion and perspective of the art piece. Artists can be replaced with AI-Generated Art.,Neutral,Strongly Agree,Neutral,3,"Yes, as a web programmer the use of ai-gernerated art can allow to quickly produce images for storytelling on a webpage.",AI art is interesting but still needs to be flushed out as there are ethical conundrums that still need to be addressed. ,26 - 39,N/A,N/A,Yes,8
9,AI-generated,"Smoothness or perfection of features (E.g. Overly polished surfaces, perfect symmetry, or uniform lighting.);Familiarity with similar styles or techniques (E.g. A style that resembles AI outputs or a particular human art movement.);Gut instinct or personal impression (E.g. A subjective sense that the work feels either human-made or machine-generated based on overall appearance.)",Human-created,"Complexity or detail in the composition (E.g. Elaborate brushstrokes, intricate textures, or layers of meaning.);Familiarity with similar styles or techniques (E.g. A style that resembles AI outputs or a particular human art movement.)",AI-generated,Gut instinct or personal impression (E.g. A subjective sense that the work feels either human-made or machine-generated based on overall appearance.),AI-generated,"Smoothness or perfection of features (E.g. Overly polished surfaces, perfect symmetry, or uniform lighting.)",AI-generated,"Unnatural or inconsistent details (E.g. Extra limbs, odd textures, or distorted features.);Presence of technical flaws or glitches (E.g. Artifacts, blending issues, or missing elements.)",Human-created,"Perceived artistic intention or emotion (E.g. Deep storytelling, personal expression, or intentional imperfections.)",Human-created,Gut instinct or personal impression (E.g. A subjective sense that the work feels either human-made or machine-generated based on overall appearance.),AI-generated,"Smoothness or perfection of features (E.g. Overly polished surfaces, perfect symmetry, or uniform lighting.);Complexity or detail in the composition (E.g. Elaborate brushstrokes, intricate textures, or layers of meaning.);Gut instinct or personal impression (E.g. A subjective sense that the work feels either human-made or machine-generated based on overall appearance.)",Human-created,"Perceived artistic intention or emotion (E.g. Deep storytelling, personal expression, or intentional imperfections.);Complexity or detail in the composition (E.g. Elaborate brushstrokes, intricate textures, or layers of meaning.)",AI-generated,"Complexity or detail in the composition (E.g. Elaborate brushstrokes, intricate textures, or layers of meaning.);Familiarity with similar styles or techniques (E.g. A style that resembles AI outputs or a particular human art movement.)",Human-created,"Perceived artistic intention or emotion (E.g. Deep storytelling, personal expression, or intentional imperfections.);Familiarity with similar styles or techniques (E.g. A style that resembles AI outputs or a particular human art movement.)",AI-generated,"Smoothness or perfection of features (E.g. Overly polished surfaces, perfect symmetry, or uniform lighting.);Familiarity with similar styles or techniques (E.g. A style that resembles AI outputs or a particular human art movement.)",No,"AI art steals from genuine artists. These images are created by copying real creators art and turning it into a bland representation. AI images are also really easy to create, which will tempt big corporations that do not want to pay for art. When products with AI art are bought, this shows that artist no longer have value. AI generated art can also spread massive misinformation. Many fall victim to seeing these images and believing them without context.",Strongly Disagree,Agree,Neutral,1,I do not see any opportunities to use AI generated art. I believe using any form of AI in artwork is a betrayal to your viewers. ,"AI is very harmful towards the art community. Tracers and uncredited artist are already frowned upon, AI art is the worst of both worlds. ",< 18,Student,Student,Yes,9
10,AI-generated,"Smoothness or perfection of features (E.g. Overly polished surfaces, perfect symmetry, or uniform lighting.);Gut instinct or personal impression (E.g. A subjective sense that the work feels either human-made or machine-generated based on overall appearance.);Too smooth, if not ai over edited ",AI-generated,"Smoothness or perfection of features (E.g. Overly polished surfaces, perfect symmetry, or uniform lighting.);Gut instinct or personal impression (E.g. A subjective sense that the work feels either human-made or machine-generated based on overall appearance.);Too â€œperfectâ€",Human-created,Gut instinct or personal impression (E.g. A subjective sense that the work feels either human-made or machine-generated based on overall appearance.),Human-created,Gut instinct or personal impression (E.g. A subjective sense that the work feels either human-made or machine-generated based on overall appearance.),Human-created,Gut instinct or personal impression (E.g. A subjective sense that the work feels either human-made or machine-generated based on overall appearance.),AI-generated,Gut instinct or personal impression (E.g. A subjective sense that the work feels either human-made or machine-generated based on overall appearance.),Human-created,Familiarity with similar styles or techniques (E.g. A style that resembles AI outputs or a particular human art movement.);Gut instinct or personal impression (E.g. A subjective sense that the work feels either human-made or machine-generated based on overall appearance.),AI-generated,Gut instinct or personal impression (E.g. A subjective sense that the work feels either human-made or machine-generated based on overall appearance.),Human-created,"Perceived artistic intention or emotion (E.g. Deep storytelling, personal expression, or intentional imperfections.);Gut instinct or personal impression (E.g. A subjective sense that the work feels either human-made or machine-generated based on overall appearance.)",AI-generated,Gut instinct or personal impression (E.g. A subjective sense that the work feels either human-made or machine-generated based on overall appearance.),Human-created,Familiarity with similar styles or techniques (E.g. A style that resembles AI outputs or a particular human art movement.);Gut instinct or personal impression (E.g. A subjective sense that the work feels either human-made or machine-generated based on overall appearance.),Human-created,Familiarity with similar styles or techniques (E.g. A style that resembles AI outputs or a particular human art movement.);Gut instinct or personal impression (E.g. A subjective sense that the work feels either human-made or machine-generated based on overall appearance.),Yes,"How AI feeds off original content to produce content, how it reduces images to content.",Neutral,Strongly Agree,Neutral,3,"Nope, I do doc reportage and portraits ","Of an artist uses Ai as a tool not a cheat, why not?",> 50,N/A,Writer photographer ,Yes,10
11,Human-created,Gut instinct or personal impression (E.g. A subjective sense that the work feels either human-made or machine-generated based on overall appearance.),AI-generated,"Smoothness or perfection of features (E.g. Overly polished surfaces, perfect symmetry, or uniform lighting.);Presence of technical flaws or glitches (E.g. Artifacts, blending issues, or missing elements.)",Human-created,"Unnatural or inconsistent details (E.g. Extra limbs, odd textures, or distorted features.);Perceived artistic intention or emotion (E.g. Deep storytelling, personal expression, or intentional imperfections.);Familiarity with similar styles or techniques (E.g. A style that resembles AI outputs or a particular human art movement.)",AI-generated,"Smoothness or perfection of features (E.g. Overly polished surfaces, perfect symmetry, or uniform lighting.);Complexity or detail in the composition (E.g. Elaborate brushstrokes, intricate textures, or layers of meaning.);Familiarity with similar styles or techniques (E.g. A style that resembles AI outputs or a particular human art movement.)",AI-generated,"Unnatural or inconsistent details (E.g. Extra limbs, odd textures, or distorted features.);Smoothness or perfection of features (E.g. Overly polished surfaces, perfect symmetry, or uniform lighting.);Presence of technical flaws or glitches (E.g. Artifacts, blending issues, or missing elements.)",Human-created,"Perceived artistic intention or emotion (E.g. Deep storytelling, personal expression, or intentional imperfections.);Gut instinct or personal impression (E.g. A subjective sense that the work feels either human-made or machine-generated based on overall appearance.)",Human-created,"Unnatural or inconsistent details (E.g. Extra limbs, odd textures, or distorted features.);Perceived artistic intention or emotion (E.g. Deep storytelling, personal expression, or intentional imperfections.);Presence of technical flaws or glitches (E.g. Artifacts, blending issues, or missing elements.)",AI-generated,"Unnatural or inconsistent details (E.g. Extra limbs, odd textures, or distorted features.);Smoothness or perfection of features (E.g. Overly polished surfaces, perfect symmetry, or uniform lighting.);Presence of technical flaws or glitches (E.g. Artifacts, blending issues, or missing elements.);Familiarity with similar styles or techniques (E.g. A style that resembles AI outputs or a particular human art movement.)",Human-created,"Perceived artistic intention or emotion (E.g. Deep storytelling, personal expression, or intentional imperfections.);Complexity or detail in the composition (E.g. Elaborate brushstrokes, intricate textures, or layers of meaning.);Gut instinct or personal impression (E.g. A subjective sense that the work feels either human-made or machine-generated based on overall appearance.)",Human-created,"Unnatural or inconsistent details (E.g. Extra limbs, odd textures, or distorted features.);Perceived artistic intention or emotion (E.g. Deep storytelling, personal expression, or intentional imperfections.);Complexity or detail in the composition (E.g. Elaborate brushstrokes, intricate textures, or layers of meaning.)",AI-generated,"Unnatural or inconsistent details (E.g. Extra limbs, odd textures, or distorted features.);Familiarity with similar styles or techniques (E.g. A style that resembles AI outputs or a particular human art movement.)",Human-created,"Unnatural or inconsistent details (E.g. Extra limbs, odd textures, or distorted features.);Perceived artistic intention or emotion (E.g. Deep storytelling, personal expression, or intentional imperfections.);Complexity or detail in the composition (E.g. Elaborate brushstrokes, intricate textures, or layers of meaning.);Familiarity with similar styles or techniques (E.g. A style that resembles AI outputs or a particular human art movement.)",No,"The blurred line copyright will soon have to address to still make people want to make art for public enjoyment. Compensation is important when impersonating an artistâ€™s work and style, as the AI wouldnâ€™t have these data points if it werenâ€™t for the art it was impersonating. If that makes sense.",Strongly Agree,Strongly Agree,Neutral,3,"Yes, but to improve workflow not to replace an artistâ€™s unique value, thereâ€™s no perfect thing and thatâ€™s what makes art great. Itâ€™s subjective, and art canâ€™t be considered so if itâ€™s standardized.","Can't wait to get to meet AI JESUS, if you don't know look it up. It's real.",39 - 50,"Graphic, web and sound design.",Boss,Yes,11
0,1,2,3,4,5,6,7,8,9,10,11,12,13,14,15,16,17,18,19,20,21,22,23,24,25,26,27,28,29,30,31,32,33,34,35,36,12
,1.1.1,1.1.2,1.2.1,1.2.2,1.3.1,1.3.2,1.4.1,1.4.2,1.5.1,1.5.2,1.6.1,1.6.2,1.7.1,1.7.2,1.8.1,1.8.2,1.9.1,1.9.2,1.10.1,1.10.2,1.11.1,1.11.2,1.12.1,1.12.2,2.1,2.2,2.3.a,2.3.b,2.3.c,2.4,2.5,2.6,3.1,3.2,3.3,3.4,13
,AI-generated,,Human-created,,Human-created,,AI-generated,,AI-generated,,Human-created,,Human-created,,AI-generated,,Human-created,,AI-generated,,Human-created,,AI-generated,,,,,,,,,,,,,,14
